{"train_loss": [2.2451394973280223, 1.6376643008020915, 1.5705059289115748, 1.5411983552860886, 1.5248670812066831, 1.515220971140143, 1.4966977974867712, 1.4858885272724989, 1.480857682146438, 1.4741672538731196, 1.4699854254722595, 1.467674774666355, 1.4645993090383538, 1.4628146207768078, 1.4619035285357471, 1.4573316182175728, 1.455483418621429, 1.4546753470211813, 1.4527513017393139, 1.4516022843585166, 1.4510511837593496, 1.4473464552942477, 1.4474236056140568, 1.4462088580545225, 1.4442843432840147, 1.443863453249953, 1.4441764643203179, 1.44256893576008, 1.4407875366406897, 1.4488584963970532, 1.4478600432067157, 1.449234786235034, 1.4462035054757716, 1.446603953566181, 1.4447388280200086, 1.4441983784170456, 1.4446846479422426, 1.4432625121449771, 1.4425534807383742, 1.441736692707288, 1.4430641536026785, 1.4383392588460826, 1.4397692975660437, 1.4368699022896214, 1.4372658986751348, 1.4351010847853742, 1.43436003874426, 1.4347887960470975, 1.4322596576115856, 1.4307802090906117, 1.4288969791098818, 1.4279122118536196, 1.4426122148559517], "val_miou": [0.6308265858740095, 0.6700041226174928, 0.7057426282468222, 0.7434314109255191, 0.7564845919899652, 0.7587142234641266, 0.7720055129952872, 0.7933500571688726, 0.7956910168756666, 0.7963584237785153, 0.8002908353872709, 0.8091143691625651, 0.8055397876723324, 0.8128315818348214, 0.7994124776469067, 0.8087440168582009, 0.810394365676503, 0.7877062516730317, 0.8146617905872532, 0.7990028925037694, 0.819171633479318, 0.8220440722166831, 0.8127052133728926, 0.8249711293980203, 0.8108933539597463, 0.8221847276458494, 0.8258013283189529, 0.7852661576497556, 0.8195076653673394, 0.8157891775430345, 0.8112011649508718, 0.8191876594304035, 0.8078433946892181, 0.8092163727268336, 0.822604686713084, 0.8247921525575121, 0.8214561759051756, 0.8227611429223196, 0.8155510256806286, 0.8088571281601132, 0.8177554053502706, 0.8276583289226968, 0.8243701297142395, 0.8176764714697846, 0.8251769407939418, 0.8324346063706667, 0.8294067831230938, 0.8359886414008776, 0.8254807471792813, 0.8312697192168017, 0.8363395507413505, 0.8305188906470381, 0.8268109828905507]}