{"train_loss": [1.8128589960538088, 1.581852323116233, 1.5519411601976716, 1.5350013833884235, 1.5229908841657855, 1.5142789757959374, 1.508775236263667, 1.5027831532911622, 1.4970370484813709, 1.4927185192772243, 1.48923409284522, 1.4857141608244753, 1.482615475104824, 1.4811911838784066, 1.4779194074950806, 1.4753155766828965, 1.4735378133107537, 1.4713507824020298, 1.4669738611946368, 1.46635616342771, 1.4650416408227458, 1.461570705589094, 1.4605370388455587, 1.4583599722548708, 1.4571391210708444, 1.454943738979836, 1.4534806607792912, 1.45126212609413, 1.4497629985145237, 1.4488349287477258, 1.4466827977193546, 1.4449120265980289, 1.4428597179722025, 1.4411341157405888, 1.4406194062265631, 1.4381188271252532, 1.4367918655208256, 1.4352023932215285, 1.4343118832263773, 1.432118431482141, 1.4319297056219893, 1.4304284151286295, 1.4291990366700578, 1.428220577708118, 1.4281323945413442, 1.4269435110429651, 1.4263786552431377, 1.426413882812953, 1.4256841593409237, 1.426006502892873, 1.4688333746505111, 1.4666050103701413], "val_miou": [0.7373161136722156, 0.7602732615230238, 0.7853647245897454, 0.7840538312102768, 0.8055418867369449, 0.8067690051137125, 0.8038319669989256, 0.8143945938251006, 0.8224400345198167, 0.8176731749652348, 0.8268643643232414, 0.8256810596365403, 0.8261070598732151, 0.8214700079822466, 0.8266156906492442, 0.8267291830142995, 0.8263266564003556, 0.8347032790294104, 0.8351001369923631, 0.8328947642622294, 0.8303235076586384, 0.8391472253035778, 0.8412872700087756, 0.8393393289431379, 0.8413708125946666, 0.8454867443958498, 0.8429869988289261, 0.8455090622111127, 0.8511171520998446, 0.847595898747529, 0.8503219350548298, 0.8499691890603377, 0.8525012239409018, 0.8526098332140748, 0.8521082097102134, 0.8545295500520375, 0.8544898284995711, 0.8567790355487401, 0.8565355506399727, 0.8564546887009648, 0.857064064856564, 0.8589748373235772, 0.8588472483909136, 0.858522413617867, 0.859113286716464, 0.86066813729995, 0.8603820936467614, 0.860671728489484, 0.8601347463751345, 0.8599111669039228, 0.8342013854202873, 0.8297426899724902]}