{
  "PointNet": [
    79.94366973386263,
    80.14453223431578,
    80.0525860988225,
    79.74189867620997,
    79.01965184673854
  ],
  "PointNet++": [
    82.32422325372636,
    81.78193047321697,
    75.60577243032222,
    60.85936036133821,
    48.2780457427979
  ],
  "DGCNN": [
    80.46332857274696,
    80.5977111831195,
    77.03763456466987,
    69.09509176255727,
    62.39752400905413
  ]
}