{
  "PointNet": {
    "instance_miou": 0.7979438178074665,
    "cat_miou": 0.7346587191796691,
    "per_cat": {
      "Airplane": 0.7617455945908398,
      "Bag": 0.7766500130180666,
      "Cap": 0.7377615656602914,
      "Car": 0.6160177899902342,
      "Chair": 0.8740094631188782,
      "Earphone": 0.703352432037651,
      "Guitar": 0.8772221062137984,
      "Knife": 0.8438209032129442,
      "Lamp": 0.7707657862975561,
      "Laptop": 0.9456731283541622,
      "Motorbike": 0.4243893208597795,
      "Mug": 0.9017286478150014,
      "Pistol": 0.7249173755924979,
      "Rocket": 0.3973371177674026,
      "Skateboard": 0.6033037353154254,
      "Table": 0.7958445270301767
    },
    "acc": 0.9151535724382394
  },
  "PointNet++": {
    "instance_miou": 0.8226927232043042,
    "cat_miou": 0.7579642479253987,
    "per_cat": {
      "Airplane": 0.7630342670024285,
      "Bag": 0.794793546785522,
      "Cap": 0.7404038269700514,
      "Car": 0.7318041932261997,
      "Chair": 0.896474885941355,
      "Earphone": 0.6865042740060083,
      "Guitar": 0.8972832872233033,
      "Knife": 0.811066311121059,
      "Lamp": 0.8231721914469842,
      "Laptop": 0.9562580758821545,
      "Motorbike": 0.35987966716585923,
      "Mug": 0.906069488076591,
      "Pistol": 0.7557611769822742,
      "Rocket": 0.4830515250197244,
      "Skateboard": 0.7051814450579653,
      "Table": 0.8166898048989
    },
    "acc": 0.9283769218641267
  },
  "DGCNN": {
    "instance_miou": 0.8044181357743411,
    "cat_miou": 0.7349048842006025,
    "per_cat": {
      "Airplane": 0.723187581408832,
      "Bag": 0.7543085949480478,
      "Cap": 0.819914301387669,
      "Car": 0.6966083284270087,
      "Chair": 0.8714233988616784,
      "Earphone": 0.6888635261925274,
      "Guitar": 0.8828760617485373,
      "Knife": 0.8593970415739044,
      "Lamp": 0.800510137112064,
      "Laptop": 0.9467432129110547,
      "Motorbike": 0.31861979424241005,
      "Mug": 0.900171902373516,
      "Pistol": 0.7133101398264441,
      "Rocket": 0.3206319552247712,
      "Skateboard": 0.6481327223635843,
      "Table": 0.8137794486075912
    },
    "acc": 0.9230342007546103
  }
}