{"train_loss": [1.8857785374878748, 1.6043867215718308, 1.544676593449562, 1.5182435369654879, 1.5042021727725252, 1.4940475810608362, 1.4877256413573, 1.4806735315551496, 1.4748849282253822, 1.471160691078395, 1.4681371977067974, 1.4644520791698263, 1.462578913664709, 1.4583547933188747, 1.457551639918323, 1.464777663418147, 1.4613576589926194, 1.4599909553789112, 1.4577222991751753, 1.45801109511014, 1.4546303728671923, 1.4548204341163373, 1.4532902979687468, 1.452028135186461, 1.4507866124856417, 1.449997322608347, 1.4476752090671836, 1.4470629113722064, 1.446447517229542, 1.4429721111031972, 1.442789259158313, 1.4418588200388434, 1.4399775142811204, 1.4378520209495336, 1.4381349937284373, 1.436834307566081, 1.434298761495172, 1.4334027350765386, 1.4322279686252821, 1.4310607993167286, 1.42895960277074, 1.4467761253929574, 1.4463088512420654, 1.4436302552484486, 1.4451930369144161, 1.446291795740389, 1.4469778835773468, 1.4461090478995076, 1.4442680981605565, 1.4442692658944762, 1.4446909257538243, 1.4431250884652682, 1.44246409527243, 1.442120339636389, 1.4408857406002202, 1.4412353615782576, 1.439578475881385, 1.4397559827321196, 1.4391172139067627], "val_miou": [0.6803749542218633, 0.7356517157406487, 0.7620128311848108, 0.7558903833334379, 0.730551529473872, 0.8011327401167281, 0.7960618788342597, 0.8024732049554505, 0.8049864716091125, 0.8127622475324835, 0.820939844524554, 0.8187960744970798, 0.8233474843561683, 0.8144258510356321, 0.8211116423178649, 0.8206514098332534, 0.8181567050150245, 0.8111387977765468, 0.8209576066542, 0.8224568974802176, 0.8126668577433438, 0.8279572047469922, 0.8262490837601237, 0.8197044017084554, 0.823104869571727, 0.82614387149907, 0.8273034809741409, 0.8262616492652608, 0.8274326151070288, 0.830392046339476, 0.8351366303990259, 0.8280110569189508, 0.8346484999039572, 0.8326017068813428, 0.8386000814022481, 0.8295356281732684, 0.8340803063188577, 0.8393938626147288, 0.8348536708310955, 0.8386617882146403, 0.8376121294568513, 0.8287681201582395, 0.8288088469893814, 0.828033286335013, 0.8287649815574253, 0.8252229179639653, 0.8288934962756169, 0.8282192208688283, 0.8179568526694556, 0.8284652482869543, 0.8327734350370127, 0.83220792660376, 0.8325194383747785, 0.8307548051662517, 0.8326500900684983, 0.8344829390774373, 0.8343509323347547, 0.8256425611447993, 0.8297686121509681]}